x,y,z,arc_length
-0.015472598041480969,0.0061678557355179225,-0.5046640466978602,0
-0.17149678561052706,0.20410033397119087,-0.49150307752236777,1
-0.17868454371687492,0.2108816373395405,-0.4651795962984948,2
-0.21593062022688697,0.25627393056977893,-0.47834161744942216,3
-0.5208831868133367,0.738832326693458,-0.4520169438681261,4
-0.7115580342549719,0.5601732400605935,-0.43885358993328905,5
-0.3154843283794679,0.17479578248715685,-0.3993586164431653,6
-0.24996930524514593,0.14199206644816786,-0.4125244965165579,7
-0.24066987702384746,0.13218035712258014,-0.3861917536770414,8
-0.20612605786343963,0.10408188740403865,-0.42568946424277604,9
0.11499798627430613,-0.2600260766672267,-0.21490102705469033,10
0.11855260883118354,-0.26566347894201603,-0.2412712446462028,11
0.1409383291433946,-0.3677185674988023,-0.25445357223411724,12
0.40925830782089884,-0.7718151979424815,-0.135740751439971,13
0.688168488682003,-0.37961263450960997,-0.016833412430832473,14
0.39279697272660247,-0.12734587619846988,0.16864425125306237,15
0.28777130191648753,-0.0933106611999454,0.1952015774904945,16
0.27286872084011726,-0.08802916848402889,0.2084865442438082,17
-0.07089968775155363,0.3174449739905607,0.2882893231144297,18
-0.07454694315099539,0.3368652108657841,0.30160598702754904,19
-0.10134053871984312,0.43240308777702346,0.31492748205475674,20
-0.22703254374954057,0.8915214993668579,0.35492171766071934,21
-0.7180409937358764,0.1992961051822867,0.5556284607733887,22
-0.4078974791409626,0.05689359761083575,0.5959317790064492,23
-0.34080631097501846,0.018827948375934017,0.6093792282206906,24
-0.3293460613964046,0.012076360678895785,0.6228333175971904,25
-0.02518368561168928,-0.33292032449809233,0.6767177119672428,26
-0.01723526563310617,-0.3619209704515668,0.663236243632784,27
0.014335367045445843,-0.4448106250457047,0.7037018837122039,28
0.1292590278096076,-0.6963488499443887,0.7442324777628732,29
0.8007652746396487,-0.11377926861960934,0.8254976082022462,30
0.47006208558071,0.016296091749093404,0.8934372307787809,31
0.30863628292182604,0.0696620382069397,0.9343012906105838,32
0.2707694759121059,0.08163889141681484,0.9752434792079022,33
0.10172349331553325,0.2647255323578305,1.0436606635090815,34
0.08764549541934552,0.2977032887821566,1.0985631626956156,35
0.0387488592191935,0.47201101874248896,1.1260727011183964,36
-0.06817112907568623,0.6694625021098375,1.1950226098313128,37
-0.7543714662239224,0.01967193056092698,1.2088435390634542,38
-0.3602208169807023,-0.14947827919507026,1.2365171194639295,39
-0.16742406318983144,-0.31474757805028314,1.250369966352253,40
-0.03227370537053423,-0.9367494927836595,1.2642336489789994,41
0.0858906654539496,-0.4014987787221937,1.2781082664123762,42
0.4338554706994834,-0.07230872995804255,1.3755451899482325,43
0.8630348967110506,0.05944274880101793,1.459519361409149,44
0.08238385326130276,0.7060304647807785,1.6856931296503372,45
-0.019881678128841555,0.49299935710928533,1.742784912190655,46
-0.05461077016628474,0.3559333538323418,1.7570941577961716,47
-0.06544828394256981,0.3222186538515672,1.7714181629608232,48
-0.3209703514838045,0.028958208846056176,1.8432638466059816,49
-0.34226371913993614,0.020515935229673266,1.8288642122044219,50
-0.42238026845470616,-0.025989288556005893,1.8576789785510486,51
-0.8000384884739754,-0.1579317807271389,1.9154970088604992,52
-0.17354245076961156,-0.6514982698412979,2.002710735315079,53
-0.0727219835644376,-0.4198047979156942,2.0319159716443727,54
-0.0456399578696835,-0.3506015473535433,2.0465443191109913,55
-0.039389811608500316,-0.32114231767073337,2.0611900018847624,56
0.3052886869578115,0.049257714764695475,2.193804328395059,57
0.3397858040275451,0.05519528950492456,2.2234768127157087,58
0.41775708127645433,0.08507336880475465,2.2383415660972545,59
0.807480387138892,0.262600290740937,2.283051678040675,60
0.2866942756293462,0.7943575063962772,2.3880708709808443,61
0.12389751489809225,0.3971644781707786,2.509342832966302,62
0.08150771517174864,0.29998250066639187,2.6012210825815236,63
0.0771301730131835,0.2898107635890284,2.5858511364124936,64
-0.27034610092196776,-0.12099145924294612,2.8504207144049367,65
-0.2777573174019397,-0.12370962446593366,2.83465707769624,66
-0.35263026415268944,-0.15887672185929694,2.866210646885905,67
-0.8482220371893722,-0.47217701355911257,3.0095385288929424,68
-0.4598427192901189,-0.7079280176386279,3.106362134622585,69
-0.17559444964015763,-0.2973560324666109,3.171505804895009,70
-0.14445272650470808,-0.24675526214123575,3.1878682777074356,71
-0.13955162066788185,-0.24240816384067573,3.2042618733996453,72
0.043104320205693034,0.0019461002087737284,3.303291467756973,73
0.22619430256382805,0.12509739966500655,3.369966889272391,74
0.2390707602920618,0.13040561109546922,3.353247631241791,75
0.3257027917796598,0.16556570217787464,3.454079939190625,76
0.7207707225847756,0.4472999492454937,3.539081153233239,77
0.3731153878434351,0.7217214047454127,3.5905240319399185,78
0.09467522051426826,0.41816796798817313,3.62500879451801,79
0.05704621601586183,0.33562510376685917,3.6423090080294704,80
0.051816518723889295,0.3150773501492891,3.6596482199585356,81
-0.3321788292128608,-0.0005877816303282869,3.746941195086735,82
-0.34963828263751734,-0.007348899560760227,3.7645216151215966,83
-0.4150548553595866,-0.04559369721729483,3.799807142731191,84
-0.5770581792114318,-0.142037505414492,3.835261374684273,85
-0.0818744384943661,-0.7478569399521909,3.870887316250295,86
0.07013585623010951,-0.404749044946149,3.888765636570774,87
0.37957358184532075,-0.15416349163531,3.9066880434648024,88
1.0527195976933388,-0.027688491201550855,3.942666705501585,89
0.42939495727018867,0.07222317796535345,4.015170811365254,90
0.25116422898944235,0.11542450737986949,4.033413181158887,91
0.22227590157165372,0.12863356924816133,4.051702942009018,92
0.07538053565395343,0.2909303857220566,4.070040529992926,93
0.06402400807330322,0.3282603415214407,4.088426386599614,94
0.02393421259717932,0.4166236997521504,4.143878066219129,95
-0.014591731354950066,0.37460600487430756,3.9788265271446717,96
-0.024299133407917298,0.3494764729607854,3.9607237668000934,97
-0.23722656836340322,0.13306875987435435,3.5049716846584547,98
-0.25825380511675666,0.12598046817040034,3.4035078952640103,99
-0.3890025363423031,0.09368720398387234,3.2536319571384484,100
-0.6470447701266209,0.02642497548603426,2.787521875839357,101
-0.41869589562775417,-0.04302783643323384,2.2979941743828984,102
-0.326534026917127,-0.06364659218965613,2.1789963001323183,103
-0.31412456873191696,-0.06883823463758729,2.164206884706667,104
0.05791809797553556,-0.2901160456846556,1.445493343373339,105
0.06664255039129599,-0.30348435973746324,1.4314795951765884,106
0.1194423231231617,-0.3826521312976809,1.2919939182143239,107
0.5737004019243314,-0.7806104431282828,1.1123129964289689,108
0.7490389900776164,-0.5773219354631086,0.8798328256922238,109
0.1766071533526743,-0.3109587835263354,0.5019787637084573,110
0.15818471855664146,-0.3134807231490563,0.4885815311767009,111
0.049202485427549555,-0.33425135837388437,0.3415852707944511,112
-0.052812427061450395,-0.3450713944174155,0.27497741421591715,113
-0.14740844981478424,-0.36626016911594883,0.2483675579874255,114
-0.6516947453200008,-0.37510391050610453,0.12883866185467607,115
-0.30739380084621437,-0.3811289572257398,-0.0697084820439614,116
-0.18178946099728743,-0.2889210196246034,-0.08292016836561589,117
-0.13080525511514268,-0.2566748880999492,-0.14893971575759263,118
-0.12791045858104444,-0.25113974407925305,-0.12253938626682709,119
0.2997549712274103,-0.05847084874819408,-0.2017129949193091,120
0.3409780860205285,-0.05760969104315833,-0.2808130198042449,121
0.4554397899586957,-0.040464852334707695,-0.2676341403216522,122
0.5489504780356862,-0.010732239783203512,-0.3071659962223541,123
0.22816097373774963,0.5266735415727789,-0.16213635080704247,124
0.2106347394848163,0.5135483177393565,0.64976174333624,125
inf,0.5476928632178967,0.8526489106845795,126
-0.11547804402411539,0.6962363267040271,1.572182129048454,127
-0.4061331993300311,0.6082262445179387,1.8865562388591561,128
-0.6564523778434797,-0.19077231661958813,2.1052324469332295,129
-0.5055004488156141,-0.66061265823955,2.2532255269895796,130
-0.40089814102388305,-0.08276918016698023,2.4637046564039964,131
-0.2802551815714627,0.20025438870161133,2.8032078632363833,132
-0.2018219091259355,0.7329528044706599,2.9774942841522196,133
-0.16438542488945673,0.4090073849981585,3.090151541309706,134
-0.45359949920411324,0.08335538120912499,3.0739705935016035,135
-0.6663147091738446,0.09023672576236788,3.0416966842741524,136
-0.38239295545622615,0.10669145907619859,2.9455621407341757,137
-0.282767214666489,0.10843375084942015,2.9935022815581744,138
-0.2654714146283138,0.10930568661939803,2.9296375506480405,139
-0.009312755674649946,0.1242149702547752,2.882027084532603,140
-0.03671804221938975,-0.1760942199750533,2.478895552256042,141
-0.0627309873247739,-0.1703096342448121,2.3279387827555724,142
-0.09574223045415718,-0.27598329065880695,2.433387504839651,143
-0.09760492238172973,-0.29492919164859044,2.4182609135744806,144
-0.1069704269216256,-0.39509520736181347,2.6166142096745455,145
-0.12887427621542075,-0.5072330661203974,2.678422201686365,146
-0.12694774369736445,-0.5048991951718392,2.6629345098667017,147
-0.1183315052478059,-0.3919401530273361,2.7406159723846235,148
-0.11452888728608161,-0.39037394317344376,2.7718613648747756,149
0.14274335725501897,-0.3548047486830882,3.138873221512384,150
0.3982086092832397,-0.3122178047618462,3.2867056974282125,151
0.6375320637832775,-0.6653320176491969,3.2206868466524017,152
0.853956699374466,-0.5836930433194155,3.155174202753802,153
0.3097568246533124,-0.1819271520598772,3.025603253358392,154
0.24509134384582232,-0.13742012029058145,2.9137403222868987,155
0.23807224442814046,-0.13008234374816602,2.8978702386113766,156
0.016081730512475852,0.1357381630426772,2.756226129945923,157
0.21934986950922308,0.13752132484765336,2.69393400267711,158
0.2311205414884544,0.13841399300698767,2.7250306952284795,159
0.3821847405616607,0.1402015364174197,2.7094701031985116,160
0.7942823151587437,0.14109642480078602,2.6474707384558775,161
0.3782740565921339,0.14378563617959902,2.5551800640053073,162
0.22914621150041553,0.1455822992557163,2.5398785800223007,163
0.21449671512359253,0.1428884680119141,2.570504190087722,164
-0.22815545656247638,0.1464818077192042,2.403155423798591,165
-0.24529783423153334,0.1482832126609644,2.3579639244247095,166
-0.3541355807226326,0.14738210989760073,2.373007091859153,167
-0.8108337158744138,0.14918512291715663,2.3429412079064162,168
-0.3571652472865341,0.151895768297776,2.3129564906307474,169
-0.0855555077779619,0.7511859695581674,2.2086311165490082,170
-0.004921214515573619,0.4949866718921356,2.1494359361184854,171
0.03090776217988255,0.3585460181046126,2.134683309409887,172
0.03700660985107278,0.3246251953109014,2.1199488606521326,173
0.32339415792761944,-0.03619924644723297,1.9881335751185345,174
0.3555273149913478,-0.042173195312549545,2.0173048224219263,175
0.42645115172652226,-0.0845201983250397,1.9735732075392667,176
0.7344190262237732,-0.2913143447967373,1.9445023175568932,177
0.5262095510453982,-0.5424183298898687,1.9010186211502766,178
0.4163274153057147,-0.9643829908356781,1.8721097337840176,179
0.15453478673400944,-0.3198551698242885,1.8144799504023292,180
0.13105009458428252,-0.25224185571714985,1.800110937046599,181
0.1301543112164063,-0.24566503203962078,1.7857570487657632,182
-0.19330681980602082,0.18225338178323977,1.614646265767278,183
-0.2007508178397115,0.19452340884406985,1.643023444189434,184
-0.22928076049609758,0.23669491835191844,1.5863234414062068,185
-0.5130766825140628,0.7863840822892779,1.4735577558261452,186
-0.6992212488352876,0.5526100513778105,1.41747801085253,187
-0.5316814751128828,0.5093128979854706,1.403488485003813,188
-0.3759108563961299,0.35723750458533005,1.4876086337490162,189
-0.29167493722228927,0.1907271378240981,1.5016721028919107,190
-0.24879727422302755,0.14468357767443915,1.515748271565399,191
-0.24182286933874853,0.1312926429600106,1.5439391437709156,192
-0.026953892342352584,-0.32895463149443493,1.6004781160833095,193
-0.021647619595851403,-0.3633614426351666,1.6288280038007956,194
-0.0014125167949039438,-0.45045671864171244,1.6572327016094954,195
0.02654986314659985,-0.5292689310057637,1.671455891415924,196
0.0012165657320232087,-0.8213635862764599,1.5580540669700387,197
-0.03582832792741164,-0.44668042229182253,1.3337180829816586,198
-0.050118902764700504,-0.3492111887011157,1.3058907044464387,199
-0.05101621976618145,-0.31601840938640957,1.3197987256759278,200
-0.1859530241395817,0.1935725458552466,1.1812121248862315,201
-0.1869982323246029,0.2050650736706836,1.1674119875422666,202
-0.20829022891258275,0.2668592291355086,1.1398423712063046,203
-0.318217842188538,0.6824025788961278,0.8119339700533418,204
-0.5943752219090227,-0.10483385398784738,0.32825388448390247,205
-0.4772000656169433,-0.4913214098903732,-0.0036072022660933456,206
-0.4840005937641396,-0.27251790295242534,0.02285465731070302,207
-0.8223748297967289,-0.28064496607194106,-0.056494035516044705,208
-0.5672625675704382,-0.2841730410944592,-0.04327675660941488,209
-0.6016928611760821,-0.274825265663954,-0.030056573044313084,210
-0.3556472158588424,-0.1513490727284099,0.009622130068619339,211
-0.2728030340875759,-0.12643550243879564,0.03609045231912311,212
-0.26305318503732916,-0.12280272201378016,0.06257213769594305,213
0.09643545029026772,0.10060944365842805,0.18192083806243753,214
0.2739210314324675,0.07821024397893526,0.14210323746156828,215
0.29755701278164925,0.07649800627212468,0.15537174251590447,216
0.4279201145428827,0.0730775043673794,0.08906777161193347,217
0.4801791315087567,0.06710355550206283,0.10232100279373546,218
1.088541475669986,0.5733226389446985,-0.5178245951381061,219
0.6436774619350691,0.877309488717944,-0.5309847929896222,220
0.4078599227796155,0.09801015907989066,-0.5836234810358788,221
0.35307038182573974,0.03064738382055803,-0.5967829777753033,222
0.3280221151353053,0.01798398417693768,-0.6099425446220149,223
0.18219528665271106,-0.19374746951422575,-0.6231022516859153,224
0.17475107238414073,-0.21292738705633543,-0.6362621690821354,225
0.14726619089199616,-0.3464461710248992,-0.675743884549389,226
0.09115819829212576,-0.999088361091375,-0.702067365773262,227
0.048331230768610796,-0.42499064877855086,-0.754722465555199,228
0.0326504990299966,-0.3437016958194778,-0.8073921635735973,229
0.03003631247358595,-0.3097036206280406,-0.8205623968716237,230
-0.10791192520989944,0.15643031648545233,-1.1239702054623413,231
-0.04832581368051066,0.33315587020317183,-1.1768690921403762,232
-0.04295850138471334,0.36917687482036604,-1.1636397598056643,233
-0.01107126183514847,0.4871204578402127,-1.1504135496409242,234
0.072757438036461,0.85226789533129,-1.20333741439088,235
0.25934713642519935,0.2266429246029771,-1.2430651364878562,236
0.39011808174998636,0.17944881119103656,-1.2828249036826156,237
0.38087712962561476,0.1393073946805315,-1.3757335063155658,238
0.30196172913828495,0.07478710623214287,-1.4555362851861866,239
0.2899314025559943,0.06029293512157577,-1.49550084655566,240
0.18781447035899335,-0.18388260505819332,-1.6826289553709408,241
0.18593786102437682,-0.2007441866162453,-1.709453724024467,242
0.16459871939813797,-0.29372088625607146,-1.8709488457839605,243
0.14545526822854582,-0.49353590638329325,-2.1151868490813817,244
0.12746993853788735,-0.4891253482917066,-2.14249044127966,245
-0.04385184064916908,-0.460121741500454,-2.128834215419202,246
-0.6211276391460778,-0.2961408961982709,-1.6558284932484586,247
-0.22479381153898104,-0.24457711853147887,-1.5622091534005633,248
-0.15834767974759667,-0.23382122330300067,-1.54885706282341,249
-0.14543669283397775,-0.230636488335458,-1.5355102640269194,250
0.19915247474873626,-0.173196024916361,-1.3491678001341951,251
0.20967202460113632,-0.16935007964678142,-1.322618704587662,252
0.3667529108802211,-0.16077011068740715,-1.2695679648654932,253
0.6998235999896129,-0.1337437208731284,-1.0447075758049305,254
0.6345177440976794,-0.13191118520588146,-1.0051106112647143,255
0.1673584024627794,-0.4847870124001671,-1.3624485395622514,256
0.8144471888335126,-0.43927219777790966,-1.588929520055029,257
0.20105578615157776,-0.38726365893334314,-1.8844517153987441,258
0.505104549358478,-0.3706538044486925,-2.307089333278062,259
0.3769785138028693,-0.15604535920008475,-2.668919064963668,260
0.28133874039440093,-0.10840308562570168,-2.781893227839036,261
0.26763383749632697,-0.09507615911557053,-2.8244796636812524,262
0.07625526058948762,0.28869370810643485,-4.160749243629932,263
0.06926231031817806,0.31389823904420094,-4.192850215430149,264
0.053559478528934286,0.4629503923160765,-4.289849575873732,265
0.050073781873775244,0.5010353013027403,-4.32242116482556,266
0.068388913858326,0.4456093646626456,-4.338752766966766,267
0.20871040369731042,0.24076257580118227,-4.273609096694342,268
0.47847110594162673,0.1646480299279583,-4.24121755557336,269
0.8292276794003808,-0.1917625082043176,-5.653771180474065,270
0.6597824601152038,-0.20680493991388305,-5.872471944172671,271
0.6564710790229245,-0.22223339039308396,-5.673342911218096,272
0.5907255842198926,-0.5025863344650676,-5.812064090321606,273
0.6735285703905801,-0.4742384188742253,-6.015788793905666,274
0.5667248746679115,-0.41639564019066394,-6.099246188245332,275
0.501420176531526,-0.4701309922479104,-6.162623125247922,276
0.024806182928236338,0.4150865546504214,4.125344699264425,277
-0.013711169386495817,0.37324132783035224,3.9969754018701895,278
-0.027839557227631984,0.34692271844123934,3.924654932883197,279
-0.23608394713830716,0.13395785753742806,3.487971747816127,280
-0.2594490849755767,0.12686418185576884,3.4203302149256434,281
-0.3856813728875047,0.09455090124448598,3.237143454654371,282
-0.49334218349486736,0.05774308476442636,2.961514311561899,283
-0.5872890732019661,0.036562288432616,2.632030700268276,284
-0.5737467981191526,0.034026743096447876,2.5245995614361334,285
-0.9699953167895666,0.04079051489167632,2.448535363410314,286
-0.4794481434487655,0.12069152284517284,2.075853157974378,287
-0.47497023879644684,0.09627962580930509,1.9299915310321727,288
-0.8628912629465757,0.009544342174061197,1.6999445330491256,289
-0.1493853730777452,-0.3982811303494977,0.8662367481318679,290
-0.057312390228882834,-0.7405521148660384,0.9070500511551186,291
0.033521795476222346,-0.43383618303169585,0.9206713749397354,292
0.07100955632700413,-0.29857463344438323,0.9615872533474451,293
0.07975608309517788,-0.27136851353583585,0.947939887009624,294
0.3176681443760313,-0.04473808246202016,1.0162662154616635,295
0.3604815983057117,-0.03279184389573779,1.029958782881935,296
0.4667574079316888,0.021359966880768654,1.0573719492667402,297
0.9309463180931445,0.16190061555001797,1.071092732485638,298
0.646811003094986,0.18319041554102616,1.0848231059085975,299
0.0422332280084278,0.5452699561483038,0.7307149233961642,300
-0.25706152312377323,0.4075045049978477,0.2350694593715461,301
-0.7712324184706942,0.5989943199153299,-0.3203402346428085,302
-0.5080013033161208,0.820796277239797,-0.3730238378359161,303
-0.12310773712254493,0.3957121274416053,-0.5441447103858416,304
-0.0883242361819571,0.3234202569355981,-0.5573044174497427,305
-0.08371348572702829,0.30688759971363677,-0.5704639842964535,306
0.2856192436881124,0.06539931201233333,-0.6494223669336507,307
0.32224379200385295,0.0611433639503998,-0.6625829153738974,308
0.4522738536460418,0.03994461658468204,-0.6889053446223354,309
0.8827627693777476,-0.029388626066745922,-0.7152300182036315,310
0.4134841055212174,-0.10394334741035624,-0.8337338946382082,311
0.2471097057932286,-0.13282698745741836,-0.8600809658494035,312
0.22325365853062135,-0.1429639803092006,-0.8732566805577635,313
-0.012830907134881449,-0.32764170904978274,-1.018307246314165,314
-0.02341494176381792,-0.3576342795897466,-1.0579114135115184,315
-0.08003831295701114,-0.4180955077407639,-1.2563147336836904,316
-0.3743094580001862,-0.6560033131243795,-1.5755666132450648,317
-0.6294185532472727,-0.5192350605872703,-1.7228754228451453,318
-0.5182543649434453,-0.46810006389683134,-1.8439646740389999,319
-0.43370776963942725,-0.3841822455955914,-2.2109076255808384,320
-0.431790163332196,-0.36918308750883316,-2.1698298317984945,321
-0.5609531810312973,-0.07144037683764015,-1.9656251878528503,322
-0.41145580906321483,0.0441755102861901,-2.0742970132268743,323
-0.3047323679514733,0.09541504009181001,-2.087918337011493,324
-0.2642607313169266,0.11017815644546215,-2.1015482526823406,325
-0.12406612813269503,0.2541811566361363,-2.1835131775334204,326
-0.1116872951694033,0.2820440531340828,-2.197205744953693,327
-0.061826426577761384,0.46654142625689266,-2.224618911338498,328
-0.042065634330184065,0.5156913214549969,-2.238339694557395,329
0.007343745249818519,0.5358035042266691,-2.265810124767372,330
0.10790796651546117,0.5551055060661985,-2.2795599585007262,331
0.15635840813849244,0.638464212712275,-2.362269571903069,332
0.39957301715398463,0.595998150193754,-2.500965045053415,333
0.6844171420798539,0.49900437295166133,-2.682995233637155,334
0.3433716707680134,0.22764084747688917,-3.0105108086777377,335
0.2331000784452048,0.2226668172591475,-3.082743970932257,336
0.162762593860783,0.21674808518869515,-3.111749279628651,337
0.15362396865532546,0.21478691411302314,-3.1262764612574374,338
-0.22034417274787815,0.15552169291744072,-3.510188169978174,339
-0.23380629576102324,0.15461393352076347,-3.540254053930911,340
-0.3511311897957115,0.15099139373117088,-3.600634466911409,341
-0.6766854222414854,0.11893347753885869,-3.7224270260770633,342
-0.3791363997547124,0.11105116595601558,-3.9861664912859505,343
-0.2903911069396632,0.10582109192738312,-4.0176676764766945,344
-0.271572909640777,0.1049512365429485,-4.0334576089576615,345
0.30306845365164997,0.050953186792875575,-4.520494593313547,346
0.3421733658793486,0.048410253535013506,-4.570754857335768,347
0.44757845046745565,0.04586891346090391,-4.587577176997399,348
0.5784537322308084,0.037407689829044036,-4.604434427190275,349
0.7297690510303928,0.0885140000979882,-4.6722186467302125,350
0.41919216920734487,0.2700759364988959,-4.826895182030293,351
0.4023159777070312,0.27875213751256506,-4.792255756589768,352
0.10879288443632001,0.7010719063354829,-5.1460734892164295,353
-0.00755534904839654,0.4969882547670031,-5.329708485860871,354
-0.046534746905835755,0.36515566742871414,-5.385764132478022,355
-0.05191405929963036,0.3294789424992131,-5.404552713208557,356
-0.32374227060325755,0.02473645331931193,-5.792058203905807,357
-0.34519583363911077,0.01460821730573645,-5.892740222180945,358
-0.4242391405433641,-0.02853843974618813,-5.974493672895746,359
-0.6933382398633665,-0.15322424319181507,-6.03654357933119,360
-0.28911110431043424,-0.49576923251794913,-6.1839025079425065,361
-0.2878348919416095,-0.5451364906947757,-6.141421177238954,362
-0.4298846954865172,-0.5167885541630669,-4.967054104802949,363
-0.44348527014162636,-0.4980217960208795,-4.931768577193354,364
-0.6424970122695676,0.24691699265506997,-3.024925940622806,365
-0.5517934631939078,0.38570905773791797,-2.796074965872552,366
-0.6336883976623101,0.3899617663592366,-2.8671914951208834,367
-0.5344556154842373,0.4120332662805698,-3.1408201696110245,368
-0.7389635696185711,0.38150585640837326,-3.1991629337161305,369
-0.2815094100326135,0.20121394329964193,-3.4055885281690115,370
-0.21264342903558886,0.17294181446932194,-3.450298640112433,371
-0.20720712165222238,0.16924593458606127,-3.480203452702505,372
0.32454715024252034,-0.035346986749428724,-4.065117200683133,373
0.357997635914103,-0.039611140704734024,-4.049274046604361,374
0.4460272212603321,-0.05502862790563004,-4.112809102805931,375
0.5713550800231743,-0.0818945176034707,-4.20894364634591,376
0.7164126785660819,-0.02089689781441506,-5.109913667573343,377
0.5532881481586643,0.05010535763884829,-6.357032196032041,378
0.5554825733345818,0.047562969321280575,-6.31325444362276,379
0.4538531933063377,0.04163654883803331,-6.248213997545539,380
0.35429719054454883,0.03149209068515814,-6.2266970566239195,381
0.318808228042079,0.029802758048122893,-6.205260191631002,382
-0.3195916968032594,-0.051592642561568355,-5.6148058287203115,383
-0.3364678883035729,-0.052451072154295134,-5.5954110385051194,384
-0.40967163212605995,-0.055888585760536486,-5.556794365956497,385
-0.7247561062351202,-0.0705725135315536,-5.499293266849112,386
-0.4495114605750742,-0.08890788955499508,-5.367027558879643,387
-0.45566547507399696,-0.1255260074306225,-5.07393500553656,388
-0.387337804676938,-0.1101921157459562,-5.182417773437012,389
-0.3727155090549239,-0.10305354848259825,-5.2372874920646835,390
-0.33790846038603295,-0.04730593492410541,-5.020299653271106,391
-0.322353858416825,-0.034495002957503476,-4.949390438083151,392
-0.19014443993634528,0.1878923052624746,-4.5372138513441485,393
-0.17971785177390487,0.2099088090287464,-4.487157159763076,394
-0.15037579754143293,0.36382463355292216,-4.371508835471402,395
-0.1298392054302961,0.5114222891074044,-4.225066015178894,396
-0.3991719119223823,0.6779965670068243,-4.306120183584141,397
-1.0546393638426894,0.5381373751752272,-4.4043904167261285,398
-0.22256440605403965,0.24794908724373546,-4.4539526594999685,399
-0.16945735544688434,0.21871506463675203,-4.47053842982873,400
-0.16640968887069207,0.2138084784409235,-4.437399578490503,401
0.31087973746624825,-0.050734582361985,-4.621326901262383,402
0.3469850122206985,-0.054169059749924794,-4.655218709887883,403
0.43236256354128916,-0.06970513460359826,-4.689255012125952,404
0.6919848527795911,-0.14668014466044227,-4.740585788604407,405
-0.004043676820166535,-0.5650938411389241,-4.984759946538654,406
-0.11737934486401981,-0.6004703429055913,-4.723438268821321,407
-0.11263352084896618,-0.6111943270919149,-4.706328115304997,408
-0.10509018945522143,-0.6148917415357836,-4.757770994011676,409
-0.14248856842364982,-0.7267874742338976,-4.8616919541846375,410
-0.7052899213800348,-0.4805179800525744,-5.852270286860083,411
-0.19119675052869556,-0.2783081595187764,-6.335100932181467,412
-0.1346808384726113,-0.2577893990516049,-6.445625009311651,413
-0.12598612279353855,-0.2500400492739754,-6.513009868030092,414
0.2542210665142989,-0.11198415895708429,-6.743861078868674,415
0.2770888885228786,-0.1075096839521578,-6.815114935958678,416
0.4220788607512438,-0.08627351228025534,-6.887355637732953,417
0.5145144442359681,-0.07578715002136874,-6.91166195627519,418
0.9456155438503485,-0.02004887773804572,-7.010058565920854,419
0.4429450978844741,0.05180120686924491,-7.451439575792947,420
0.3008572411444957,0.07735395544082395,-7.533708096835815,421
0.2697225132283748,0.08249695161639815,-7.561454828924693,422
0.22032401655460765,0.09887611729189784,-7.645703370846249,423
0.2370751036706153,0.11630087448893923,-7.731522853650655,424
0.2410719606513685,0.1277485468343516,-7.760492081552027,425
0.2686773050433536,0.18883608978196872,-7.938338192149228,426
0.48885748023380293,0.6572932413222694,-8.6256435552616,427
0.4906217600447344,0.8027195069973113,-8.697451990819811,428
0.49239591302983177,0.6495590697896433,-8.661387598649773,429
0.11411036268416562,0.5501393696421004,-9.282487131236987,430
0.10613922266758982,0.5787902995203786,-9.367744256612788,431
0.06053429278116583,0.4541565297305536,-8.845062192143684,432
0.040491052895344104,0.35204662672556314,-8.555088660125632,433
0.03526426765377012,0.3258335007034202,-8.520264448996961,434
0.010840865556214236,0.24178384238757067,-8.317276176051188,435
0.17939743700157346,-0.19673653842205935,-8.770571128972998,436
0.1831296182767666,-0.20782098389342263,-8.73384399528278,437
0.20010362576779167,-0.25445341253400033,-8.920990862367617,438
0.2420746670139628,-0.40803285927606775,-8.959516154782822,439
0.21643449769819784,-0.8762906619362896,-9.117578801823745,440
0.2125634863340679,-0.6344214325128968,-9.158136101720652,441
0.26347710072089436,-0.9136751589271754,-9.324871359981236,442
0.7038519200498499,-0.5592157860308703,-10.412563634264792,443
0.5690300492183705,-0.5318425244383044,-10.47124031969589,444
0.9798629528415862,-0.4640823628373056,-10.591839106491104,445
0.28027344225341766,-0.19873714597003783,-10.653856928944606,446
0.21740511937638318,-0.16647900268635116,-10.781594154072389,447
0.20391840593636706,-0.16266823680041673,-10.717089727122929,448
-0.22367795269032664,0.15370703106861006,-10.847431010107783,449
-0.23040847580305673,0.15733981149362555,-10.914665662593572,450
-0.3020880364058325,0.18506780069013984,-11.053615573171777,451
-0.8347851212154669,0.5051427279290551,-11.512659124311678,452
-0.3633029403565603,0.8410864985296412,-12.485887395880221,453
-0.16136006651373874,0.522225718945203,-15.862173910337749,454
-0.5262242494525616,0.377350480079729,-14.488551933321196,455
-0.6613235639352791,0.19738331174118098,-12.72907953504545,456
-0.48171485462450114,0.05349783839528912,-11.957968700058807,457
-0.46408228608689506,0.06625129580425852,-13.294640588037813,458
-0.39745485060498487,0.07992385905427786,-12.996612136037175,459
-0.30340808640336653,0.09714466369862941,-13.457723803623383,460
-0.275273355010331,0.10147682258638344,-13.632075107220201,461
0.12033247157714172,0.25522656172205416,-15.431285310838362,462
0.12657612155294098,0.2573232791975071,-15.071487670268734,463
0.17104851708572893,0.2988415182620456,-14.761530498350227,464
0.7880142022838069,0.5178516483217754,-16.403334076033545,465
0.14636042736337698,1.1542828722010503,-18.34138878753226,466
0.10525538643996772,0.6279150194991687,-17.140889296457246,467
0.1034887597311298,0.6245093665969439,-inf,468
-0.0031663845501776963,0.5576263541494099,-14.022548187511973,469
-0.005799002520989194,0.5627468334931341,-14.244155794086172,470
0.028293227227141962,0.6653257415677267,-13.819557052328607,471
0.11144988429358686,0.4030351040377698,-13.141338776340348,472
0.14455070748153323,0.2326544603280266,-12.859468048335012,473
0.1527138039805807,0.21773084316544197,-12.604750087495521,474
0.31653057666479506,0.03318176579338057,-12.157351625328632,475
0.3642336909363853,0.023048129129589714,-12.371983399902764,476
0.4507016774859762,-0.049019549999448006,-12.262598914761323,477
0.8453256845498452,-0.28535527640133446,-12.05590659793152,478
0.4977791362633585,-0.8937971651339527,-11.863276484195293,479
0.20487468648840146,-0.2489427508204716,-11.59646620992392,480
0.18500089806733738,-0.20376703407660265,-11.771597208139188,481
0.18032920328550167,-0.19573861554814723,-11.682722746780396,482
-0.07181050583023754,0.3162595854561642,-11.274478981471336,483
-0.07363412723472053,0.34060792968287035,-11.431149070229026,484
-0.09388287244890244,0.4439279264568604,-11.351797687196067,485
-0.15534796352436853,0.924701474188784,-11.199077882007067,486
-0.5578606214253096,-0.031089730974305313,-11.12548900220875,487
-0.7803106158072787,-0.03790461282001201,-10.983368520580857,488
-0.3648541695636836,-0.13834162553123144,-10.530983381598771,489
-0.047430030312634416,-0.4429527873036268,-9.411119702496855,490
0.04136214045188592,-0.5506677194338608,-9.077448809314625,491
-0.02076447882735795,-0.5902514390563858,-8.807641174334806,492
0.009966842867310907,-0.5970107104443385,-8.882842535116147,493
0.26140882462064685,-0.48694733926694567,-9.499436859660273,494
0.3338684336505465,-0.5002940181807985,-9.876057990893136,495
0.3848123173096045,-0.5242011970113687,-9.976837648997268,496
0.5088336583320654,-0.7202816605033372,-9.778100891032546,497
0.5857476606025414,-0.5478859904655489,-9.589946787234723,498
0.5882247297193861,-0.5397306548106363,-9.636065938619442,499
1.0241971013766564,-0.21911454983940631,-9.544409539255101,500
0.5164320505431991,0.07393214548806364,-9.682785155012606,501
0.4149031101166326,0.08679289481536633,-9.73012347865998,502
0.2572919331602491,0.11192472080222278,-9.926082937707706,503
0.24408434741751067,0.11279882665830056,-9.826738376396799,504
-0.08647765110903803,0.3034222120072551,-10.133745063047568,505
-0.09109996227724144,0.31863354514383596,-10.187691044957122,506
-0.1317724342198207,0.387121040940198,-10.24251082936311,507
-0.8790689663929919,0.6113891814642727,-10.298238428342374,508
-0.515652418565431,0.6533904772268156,-10.354909922509286,509
0.08852328342476104,0.4738570963584568,-10.02834787531156,510
0.08413679769867585,0.4701765068327394,-10.08064078335565,511
0.10084135750446384,0.41355644035251066,-9.455012190062853,512
0.14998716829175113,0.2286403534430132,-8.4514907021656,513
0.16184561027196948,0.20217477897904293,-8.219359100315208,514
0.2624421326776767,0.08593293696045984,-6.650326626150638,515
0.30751809244275286,0.07051544975956388,-6.604166215379622,516
0.4717268172460749,0.007012040324618073,-5.537571361451917,517
0.49418008996698665,-0.015811548446846985,-5.218949904080776,518
0.4491365730969369,-0.04816256780095986,-5.091901894954954,519
0.19725316818985356,-0.25890645453419864,-4.420878919210206,520
0.08940132663437372,-0.6802150726548568,-3.9547688379111148,521
0.02567806488791012,-0.4356371172020627,-3.4652411364546554,522
0.0029681978085939614,-0.3562167318853681,-3.3907237747874657,523
-0.002289332830418135,-0.33027200971948995,-3.3610512904668157,524
-0.044745657634115504,-0.19275422183437038,-3.0682655832220336,525
0.011714724576767768,-0.32243365032949545,-2.852940091722094,526
0.01870027283046868,-0.3519972192257549,-2.838702853487682,527
0.05094512475580508,-0.421523653534548,-2.7394290911202104,528
0.13823503791720723,-0.68544242822502,-2.5707354470755703,529
0.36297946247523455,-0.3423370187755223,-2.3346589496140244,530
0.6499868484742101,-0.06537531675447524,-1.7766261902924483,531
0.7252212931733399,-0.0610568041236047,-1.763178741078205,532
0.4750816479022044,0.0036349869748408675,-1.669225725780214,533
0.36801797182920937,0.015452154527414901,-1.6156719864412459,534
0.32918584391873723,0.022204030013815136,-1.6022979517433793,535
-0.13759973565083577,0.23872529294825254,-1.522168679732477,536
-0.14150835699064346,0.24588673905184638,-1.508832232866208,537
-0.19436460761910673,0.29205259687421947,-1.4688529490993067,538
-0.39404770599915706,0.46117095496726107,-1.4156145200591823,539
-0.40263367283896345,0.41971945348802137,-1.4023164214433037,540
-0.580417866767549,0.4212782522282737,-1.1371903890274435,541
-0.43953550391659446,0.4275885665975274,-0.9259757174255541,542
-0.4454802208955957,-0.45621614878538264,-0.8864339422675127,543
-0.44150377588771744,-0.4763155078158261,-0.8469067274289483,544
-0.23267122263441564,-0.45428337729295765,-0.7678883456285923,545
-0.2039699947255743,-0.37213079498294005,-0.7283933721384678,546
-0.18075281981712243,-0.28654066493573077,-0.7415574978289816,547
-0.15634647938829,-0.23702498304031525,-0.7810552083947154,548
-0.15136754430020605,-0.22536962151494905,-0.79422312423584,549
0.08676795772393839,0.2798470598753014,-0.9655339671524485,550
0.0920370365784218,0.2943048769808732,-0.9919162339838863,551
0.11766332333787757,0.40008739656366293,-1.0315062106317858,552
0.16092933742498883,0.5679769562189906,-1.2165765501490426,553
0.14003667113265478,0.7714564239208682,-1.2960856239264338,554
0.07800527770957043,0.43893716833089735,-1.428917146489455,555
0.0648967280752931,0.3270452052531007,-1.4422243762876739,556
0.06140655628272272,0.30227282259066574,-1.4821744441265134,557
-0.14052937762684942,-0.2402482451771311,-1.7497378507378745,558
-0.14347002166005612,-0.2478478284577352,-1.7363034382477718,559
-0.1633755119279836,-0.3315938912904356,-1.8035410907644698,560
-0.25350239751880127,-0.5869480150619502,-2.033483710203625,561
-0.2765136149106113,-0.6701675972806531,-2.0606841928505375,562
-0.2929626330652195,-0.63036622333049,-2.04707978776398,563
-0.10040533737299474,-0.40311977737258126,-2.019895872756337,564
-0.06454190998822429,-0.33827256576553616,-2.0063161883549783,565
-0.05551075701343529,-0.30720471726175397,-1.9927445702740036,566
0.33504612264106476,-0.0056579793777861934,-1.95207725173046,567
0.37183538521420606,0.00025692523427187433,-1.9385370383554914,568
0.46186068065848424,0.02558068740220007,-1.9250044626456555,569
0.5576945197002187,0.0628449681089177,-1.8979618854679208,570
0.5983766994692028,0.07136916138953756,-1.8574531930800284,571
0.7079571646874517,0.0919611131784345,-1.9791809321250988,572
0.2301327307185561,0.24383169611116529,-2.41761692842401,573
0.1043719004996233,0.744905073026607,-2.4592408802860812,574
0.03439305013516105,0.47571493410053445,-2.5567578748672086,575
0.009092651759188837,0.3678317371079021,-2.626766323480907,576
0.008218287474617128,0.34186309258116515,-2.584724972924287,577
-0.19968167316532187,-0.11467799020088644,-2.767725078155066,578
-0.3251356418758437,-0.03023905489557,-3.2137912811827483,579
-0.34372687082275044,-0.01835340570986562,-3.331453846778424,580
-0.4205325793198373,0.027269322079988934,-3.435375808867717,581
-0.7626014036460731,0.15916144511882893,-4.080987284358654,582
-0.5548077828795055,0.1720163496343676,-4.176785490964699,583
-1.0058171947662113,0.20699852902988314,-4.144741246223977,584
-0.49097612102055954,0.5404927384372492,-4.128761273633657,585
-0.4863057683145987,0.5289261050757093,-4.001904039767997,586
-0.6131446513015179,0.5706349638654662,-3.753098098484251,587
-0.48863079911940244,0.6348903226171873,-3.630951618475754,588
-0.5400991763659304,0.7644414414855272,-3.6157823254820705,589
-0.6380464416810038,0.6420986361467449,-3.5704023858703486,590
-0.09947100574893912,0.43565335400097877,-3.316682898190243,591
-0.03316173647630591,0.37052681705260404,-3.1845517844936833,592
-0.01635377445916058,0.34819756670270724,-3.169957697386837,593
0.16001376882627086,0.20796726554967457,-2.9961111742761792,594
0.18126181741923436,0.1983390828136036,-2.981726912474087,595
0.2020089641183591,0.18412855224664496,-2.967357899118356,596
0.1953578017527381,0.17572430206054923,-2.9243411198679294,597
0.19063620611367127,0.17109188674306253,-2.895737267880476,598
-0.18804519500833405,-0.19973985579910092,-2.612740305445096,599
-0.19754916134964579,-0.20883875490626075,-2.640804717897902,600
-0.23494386347225943,-0.24132708443660603,-2.5987265572483462,601
-0.5640867221912139,-0.6075599036574453,-2.431480611050757,602
-0.5235395754132202,-inf,-2.389921971805484,603
-0.2955497756883621,-0.5563316241954873,-2.2520700679803554,604
-0.182827788579579,-0.2877292360890062,-1.9114794398346309,605
-0.1573463811656753,-0.2348870060640236,-1.8170087054079969,606
-0.15335504639160702,-0.22432225266722436,-1.7900802796689468,607
0.023062149221032644,0.13662938368699365,-1.3890227752639035,608
0.1212230595739729,-0.2533464048917759,-1.1107529265557121,609
0.12478991523395595,-0.26453068290039383,-1.0975384800277945,610
0.1283642387734554,-0.3781030759433285,-1.084326793706141,611
0.15727122405476723,-1.0463888252264524,-0.9523459350170664,612
0.19157863433194527,-0.42849770306921325,-0.8996128217501045,613
0.19441157607317516,-0.46209504805445556,-0.9127933898376404,614
0.24007066206944716,-1.1233785631462136,-0.939159875475303,615
0.512608976390289,-0.06019440010062024,-0.9787240430571899,616
0.7648052281604153,-0.024290980450094715,-1.0711177955228013,617
0.5446788441306509,0.008700279041014666,-1.1901016193824607,618
0.45703373890395826,0.02389226873021173,-1.2298190997676999,619
0.35184685811395644,0.03487181961091201,-1.3093501995333252,620
0.31313275670682866,0.03909884934752047,-1.3358912133248193,621
-0.192250872319349,0.18694966825491457,-1.6424371785016656,622
-0.20289496278434055,0.18978103091412682,-1.629051702501393,623
-0.2679023081685191,0.21185585107233273,-1.696038261533758,624
-0.4683866148349295,0.26048336630066554,-1.8304832057045415,625
-0.9176561613878624,0.40155811350352233,-2.1561556166245808,626
-0.198614459490629,0.7576917832887273,-2.810270406261192,627
-0.11928468321458717,0.5872359332503174,-3.155380537190292,628
-0.07820505652121688,0.5311983272356283,-3.4204724890613374,629
-0.17662285552142748,0.3080485554532392,-3.5252108864964664,630
-0.23951951110008113,0.23164849567107512,-3.585507875646238,631
-0.3711289124025656,0.1609866528029959,-3.6461425143277992,632
-0.7317229079297405,0.1803825882499001,-3.6765897950380584,633
-0.2511441527467747,0.2236585308892002,-3.7377511521594786,634
-0.14642193059664366,0.23770924896871287,-3.8456691637581217,635
-0.13274075175530559,0.24280687776610124,-3.8301814719384595,636
-0.008433917388353869,0.2809443583288052,-3.9704548253081398,637
0.0169547069579951,0.33810902631658374,-4.257398503381464,638
0.02916480237483756,0.3598589405492647,-4.387933808724159,639
0.07450599342915477,0.44225550101471006,-5.12797072887185,640
0.10967817324612449,0.5030813226139427,-5.576074072548835,641
0.08501361373418997,0.4307902429993002,-5.634259015853053,642
0.058790068306592586,0.3343886687922931,-5.91307581959367,643
0.05443105367662993,0.3127222234744672,-5.933479445536657,644
-0.27900449523091647,-0.11108775739333797,-6.535656344798881,645
-0.29425423289909747,-0.11737890360613458,-6.5583971225142825,646
-0.3586897541366459,-0.15041313318833718,-6.581233354643603,647
-0.682080947256643,-0.46608394571217315,-6.673556632875533,648
-0.4619545632268788,-0.7898919681849664,-6.863163354406576,649
-0.18909392617546505,-0.27947505698002684,-7.343923775240664,650
-0.15435082276684342,-0.23917162744406603,-7.478702997546735,651
-0.14839626058468258,-0.2285236715946637,-7.506125005369295,652
0.17753641918499413,0.18600816972220427,-8.251747107920949,653
0.18406481962361504,0.19547548443061358,-8.284384481173635,654
0.21546503265907746,0.23568228754905832,-8.350427299299971,655
0.6089485303563337,0.9071949709911197,-8.998427731368947,656
0.7440478448390514,0.5901200950856998,-9.199132004111487,657
0.6199855032424209,0.5428700931119466,-9.240578265822272,658
0.5107154463315812,0.8306277402207959,-9.03773526666835,659
0.2183769068924205,0.455894957833381,-8.590212839164927,660
0.1508954099794581,0.3533379593843254,-8.485733848106896,661
0.11588601738007775,0.2690015218658018,-8.417529049659295,662
0.11056383813140383,0.2594279806494935,-8.383843114699674,663
-0.33075982461744535,-0.00312243404161802,-8.155312076546169,664
-0.348151468971232,-0.012424732897820234,-8.187215647193295,665
-0.41687004406038713,-0.04388279717731301,-8.123643850133693,666
-0.45774645386964785,-0.05674893842949694,-8.060995915388428,667
-0.46622619713191404,-0.09154769546581494,-8.092206558359148,668
-0.3923573669984326,-0.09684423777952181,-8.030007754499975,669
-0.30873104136953905,-0.09861494621350166,-7.999238023652434,670
-0.2865624329445172,-0.10038833390518069,-7.96868278125788,671
0.23210965398151712,-0.13466139312304481,-7.908200523731149,672
0.24609979283175554,-0.1355800119244574,-7.878266142304533,673
0.3874566488552453,-0.14111204057953775,-7.8485315095551895,674
0.680728276237336,-0.1551038606673744,-7.702737001167772,675
0.3481956955320856,-0.16743477375877372,-7.674131492517766,676
0.20774986806075751,-0.17127046992421308,-7.589367819947439,677
0.19820232492788725,-0.17416076461585378,-7.617449751558095,678
-0.1776528826081869,-0.2098582667463524,-7.2910565208494305,679
-0.1964857634205135,-0.2108795333327407,-7.264837887498282,680
-0.2666852638374494,-0.21190256871127142,-7.110407501887233,681
-0.2691225772101846,-0.21704477818890558,-7.238759789995797,682
-0.29815284872184294,-0.39351387381605885,-7.78964779376808,683
-0.3350328003726825,-0.5095884293824192,-7.818993179197962,684
-inf,-0.6385581930550077,-7.3705767038068295,685
-0.5704821062139911,-0.647092257951994,-7.424332300081872,686
-0.5488165148838685,-0.8464051796631137,-7.397378786154689,687
-0.09017393128000516,-0.40968764855741374,-7.317417773480835,688
-0.01811707660069193,-0.3648078183867754,-7.187017092777027,689
0.0003404276424691377,-0.325029044777512,-7.212820189965936,690
0.15180428648683858,-0.22015225701071353,-7.1613485462782025,691
0.16920193201280986,-0.21601268360024015,-7.135812639581448,692
0.3120050413998694,-0.18095154201750288,-7.059982243994946,693
0.39549368911561317,-0.16552447312859014,-7.085131301351888,694
0.7703528042472838,-0.08102041174739298,-7.034958572644774,695
0.4684056537912765,-0.008194540292690613,-6.985280537251211,696
0.3756869139689914,0.011232378493902871,-6.96062283392357,697
0.3362266784225731,0.013764275587978072,-6.936083836168768,698
-0.11358071556600462,0.2615407973902878,-6.791255893369878,699
-0.12215040558462952,0.27331247289550553,-6.839083609735144,700
-0.1603545113157352,0.3507594788791184,-6.7675050695900945,701
-0.20504702101271566,0.3913906407179022,-6.720322561404729,702
-0.47275829243081,0.22564657240430464,-6.696888182690517,703
-0.022531105536195875,0.7111193817096868,-6.1202958113064145,704
0.020445354031674134,0.602030193864688,-6.078271481967962,705
-0.5908042894868079,0.6211557481112158,-4.91418815715849,706
0.20583201802631684,0.6612705323853197,-3.691846523507891,707
0.25831873054392945,0.6145973523742455,-3.707125542094058,708
0.25218163635065616,0.42284446208216586,-3.799277662340034,709
0.2603771635119587,0.19642878218342003,-3.876717065270269,710
0.271818207079237,0.09974254369241714,-3.8922776573002373,711
0.274975153223121,0.07906687685578966,-3.8147177005276345,712
0.2953677099393607,-0.05933241670753803,-3.861180964748868,713
0.30417743331674085,-0.0836444051591232,-3.923473092017681,714
0.33035231586277647,-0.1790044999739165,-3.939108326946532,715
0.3445730281794463,-0.2611482878193897,-3.9078629344563804,716
0.17846651135792901,-0.4302666459124313,-3.243100120046135,717
0.15544626446820944,-0.57420274442712,-2.910031874262412,718
0.4064665515070295,-0.3736141371718214,-3.257780888417429,719
0.48362242192765487,-0.22641897014267726,-3.555317833052601,720
0.3743992181260611,-0.15982282876926826,-3.661355182808093,721
0.255243113588292,-0.12189666932086547,-3.7684680446532814,722
0.24913396977446406,-0.12008708467634101,-3.783861171746303,723
0.13913557600158177,-0.0014325741119242206,-4.0968845127197975,724
0.3385964930598059,-0.004812690820617164,-4.503809122325185,725
0.36928671384828904,-0.006503380774214184,-4.553967177892385,726
0.4733999651026363,-0.009886205836846474,-4.638254895642676,727
0.9050991107005011,-0.011578413943557174,-5.274107920895967,728
0.6405849023290816,-0.014964604406074054,-5.34834250405183,729
0.9617932472967641,-0.0022774567385507715,-5.442287881329724,730
0.5932507972907003,0.007856179925240141,-5.772116243412893,731
0.5032568602236093,-0.014117823535175928,-6.26981192365426,732
0.4634850296755846,-0.017505944480183604,-6.291491759171958,733
0.36549149557026095,-0.021745113462839173,-6.401153016614189,734
0.33152155512679937,-0.022593529340459273,-6.379049222736433,735
-0.0763746171100084,-0.041318868910523644,-6.627196900151335,736
0.1373350510700566,0.22964145502486766,-6.490456558970653,737
0.1418405558905635,0.2346713431314325,-6.467995304132747,738
0.16643776663080018,0.30457445415132867,-6.423344599133141,739
0.4995943249641591,inf,-6.057370879224498,740
1.137363644746462,0.48906649945049746,-5.752237559182471,741
0.5302131495846382,0.22465177856905566,-5.423393795773274,742
0.38878520558158286,0.12333317388298064,-5.4612354776087155,743
0.2760311007097927,0.0928239430444582,-5.480237099034728,744
0.2645137419010593,0.08765324748432674,-5.5184045092361265,745
-0.05911627498679159,-0.30102236368527685,-5.69297480493955,746
-0.06726288738797928,-0.33692742805307235,-5.732421510791036,747
-0.09295442586612225,-0.40638669892163387,-5.712667466871912,748
-0.1838678159451248,-0.6186547607348131,-5.832134561742171,749
-0.22145315241296898,-0.7554797732344481,-5.953951819767474,750
-0.2618487472756744,-0.6263889322674394,-5.995105746609201,751
-0.5030233796987695,0.08421418524896122,-5.292591661336181,752
-0.4981384053222404,0.2583746237797322,-5.200660143230644,753
-0.19542425052351248,0.6051070534819498,-5.002508336756031,754
-0.1745676522564772,0.6313746519604211,-5.05601259864253,755
-0.16843994808567042,0.5843869160746291,-5.038134278322053,756
-0.2740365053742011,0.20313690581800561,-5.1642223639419464,757
-0.4279911654278093,0.010388373825156538,-5.25567334867137,758
-0.4375802261028072,0.0011015510067069571,-5.311125028290887,759
-0.5289379566063369,-0.09772926019333147,-4.844273729696669,760
-0.5372612223386489,-0.13649958504247284,-4.774994207881917,761
-0.7465033984966086,-0.1770629564948447,-4.809555970101228,762
-0.31141879845683273,-0.5119657840571168,-4.896648817146709,763
-0.30077217495486475,-0.5143656470934738,-4.879150200403079,764
-1.1341059414039196,-0.5344435217007022,-4.3551152397791935,765
-0.07728948792249894,-0.571125884809858,-3.272479409004986,766
-0.040281294904904105,-0.6224861681719859,-3.0972384931039296,767
-0.034939042434105616,-0.7335371324306971,-3.0538032009309126,768
0.01520861878047167,-0.43744906194710537,-2.445355228484133,769
0.044846537086326375,-0.33962250799777427,-2.348459086957988,770
0.046588828226150826,-0.2997967325595362,-2.3208690636448095,771
0.059662131682739206,-0.24349150220216334,-2.2933196631901533,772
0.1355367079652223,-0.238097212810972,-2.3760905011352107,773
0.14817256484634167,-0.23595492008067878,-2.4037640815356873,774
0.22423263789441544,-0.2295790572458357,-2.5288381748039623,775
0.6770995028127945,-0.2211918653903595,-3.2284369639565202,776
0.6171798963880091,-0.21807872860731486,-3.3462432622040743,777
0.5242280567914893,-0.4784085889306408,-3.0393566958557736,778
0.2360793272953789,-0.7634531973414471,-2.93866512503258,779
0.0657695739457768,-0.41470505560781584,-2.7253010290417965,780
0.027421582371573182,-0.34782608301545503,-2.7111861058426716,781
0.012588424673662342,-0.3172932576478773,-2.6970842107552757,782
-0.3279374812779407,-0.0234421501120282,-2.54279215201999,783
-0.34667067636641685,-0.009040307529852238,-2.5148958400319974,784
-0.4261093774282936,0.01714003346685173,-2.4870456877476856,785
-0.4474888686808663,0.028113731695424575,-2.473137666518195,786
-0.9414728204728827,0.06880892187484186,-2.654855595820774,787
-0.36641229219316507,0.12157145616620312,-2.7535704034779647,788
-0.22591200201805417,0.16007359848808977,-2.8814571811234435,789
-0.2104626407910571,0.1664843209792873,-2.953004010837521,790
0.0038437014333029262,0.3431221138166761,-3.301930271481644,791
0.013461970585593837,0.36649135176034703,-3.2871958227238904,792
0.08063179339066358,0.434024086427411,-3.3758780786207643,793
0.40094212309230987,0.5760407997496056,-3.49518574482733,794
0.0439754216845784,0.0027905773594052753,3.270152616418745,795
0.31539550353818757,0.03825320861559003,3.437187465118517,796
0.35062658907229105,0.042482722998387026,3.3867202158206293,797
0.44448279877054364,0.04671585750167678,3.4710079335709185,798
1.2168302223076986,0.06795609591791381,3.522008050054196,799
0.4106617621817127,0.09109870915545015,3.573338826532649,800
0.2665920968488967,0.1032130390128724,3.5561913067495645,801
0.25014834409360337,0.10756234352960006,3.6077472458101596,802
-0.17047629725997254,0.20603113522696268,3.6944449921128797,803
-0.1849095565925551,0.20893735533795257,3.711903238331324,804
-0.25587221215603406,0.21970076112075038,3.7294018550749515,805
-0.5838275653347144,0.2954349919552237,3.817512984466899,806
-0.13371021679442602,0.4910260505552839,3.8530526911993492,807
-0.049222102620536806,0.47946669260544267,3.7821434760113952,808
0.031779156147966815,0.4775847313466525,3.6770267676249127,809
0.8370957471276942,0.45940201212404314,3.1226026138019742,810
0.06751566212330024,0.45070910697052396,2.494108220736335,811
-0.09667315609780157,0.4405919576122435,2.2681288467959595,812
-0.617099319085841,0.42918543940432746,1.959029499185681,813
-0.11074203061052985,0.41051694356443974,1.7142102190516866,814
0.1123363169492308,0.4045184462266512,1.3476488779602396,815
0.7391766587472516,0.39282527950639673,1.2226750097337278,816
0.12568278228848517,0.38853858864457635,1.1536221015730526,817
-0.13857507651831208,0.38290152828058466,0.784830289658703,818
-0.6054442077782309,0.37873039207028497,0.5824908886661174,819
-0.15236062375648185,0.3759757034722455,0.26167018441769885,820
-0.056411295097809844,0.9445794679820058,0.2217758131921469,821
0.02131772462104913,0.4832679519389359,0.11557794161085877,822
0.05617441775717205,0.3393565868446709,0.0758181744160985,823
0.06227892687209777,0.30112626050867214,0.049329588077284936,824
0.33741012659474984,-0.01665866026645073,-0.18852291901456691,825
0.3617287761346883,-0.026838775709596564,-0.1753307280878713,826
0.430875749875004,-0.07404692748811866,-0.29399028151399337,827
0.6665518462384864,-0.27367014509649884,-0.3335130674335486,828
0.6256946773412017,-0.3766001959430179,-0.34668456520013236,829
0.2942762601959325,-0.39668425754269765,-0.3598547984981595,830
0.15909889801378035,-0.3084522777898411,-0.22808708659645455,831
0.11677446129718587,-0.2679372092072158,-0.10933554856023836,832
0.10702341431168914,-0.26227311061259506,-0.09612916654895631,833
-0.10979771930376585,-0.15698799620764473,0.36826330195516244,834
-0.24762803495900454,-0.1401875776882326,0.40831965117330704,835
-0.2606473898642416,-0.13926410867641015,0.38161010075165236,836
-0.36797739658220413,-0.13099630649518815,0.44842502436948883,837
-0.6252328837836799,-0.11918353855745821,0.4350509896716216,838
-0.3906756841988645,-0.10216445081952451,0.3949621913288065,839
-0.31276940821184124,-0.09595987280093898,0.4216825579832725,840
-0.29684930094154877,-0.09419309061017668,0.4618047404296354,841
0.3210960298932853,-0.038757729152109795,0.47519021642990855,842
0.35923789581438315,-0.037051786863084,0.5287912994620013,843
0.45863513729990174,-0.0319406590540879,0.5422067619527092,844
0.5621724243525376,-0.0251400250351885,0.5153819932991831,845
0.6009786458472172,-0.003967510556082207,0.5690564761760161,846
0.7760625207671388,0.04502213259000573,0.6362941286927121,847
0.5599243465207151,0.11805535373708066,0.6902062310082707,848
0.23409182520397792,0.22167662567441795,0.7172047533269866,849
0.06315140923799302,0.4524279625893778,0.7577575005738987,850
-0.026068603532548168,0.5334906435198976,0.7712900762837337,851
-0.06092245823824799,0.5200296573465366,0.7983782257810926,852
-0.07912132936819764,0.45764339980376456,0.8390692262832214,853
-0.09481213828122224,0.3103793660348566,0.988908654552824,854
-0.09853753651546247,0.28425071394660567,1.0025828697267372,855
-0.28529369092543744,-0.10572507463216378,1.3615912127322058,856
-0.29946045965788864,-0.11557749866437438,1.3895109127954521,857
-0.3393545798474718,-0.16361909978923994,1.5298372486835188,858
-0.4043786452795338,-0.25556289980501157,1.7284903058087182,859
-0.5980039953335641,-0.2667989797273267,2.090533926345671,860
-0.3775198033069987,-0.27714424639840946,2.8189195292141926,861
-0.23153862295270156,-0.5534826070197993,3.057819053107136,862
-0.7898907371420486,-0.6427804041673899,3.3199101976913203,863
-0.5458758418736416,-0.8101821894748106,3.3365621602534272,864
0.2562667316733834,-0.3533982655744674,4.1068609588242095,865
0.4767719869029289,-0.046449646385994144,4.486524218402307,866
0.6958689322052901,-0.08715104468225082,4.545420504800155,867
0.38613236730713835,-0.1457495473050469,4.5651745487192805,868
0.21159855711919262,-0.16839179612745686,4.584990597110713,869
0.19630499646977645,-0.17803304628312275,4.604869281341138,870
-0.053711328770081085,-0.3059609018109542,4.624811241834049,871
-0.06908000558306673,-0.3355870427055172,4.6448171282498505,872
-0.12023888703498391,-0.38571939069732064,4.664887599670413,873
-0.5105265163869281,-0.5621361544388558,4.848541831833909,874
-0.3617585178667716,-0.1448199930057194,4.953048849234657,875
-0.3168487362502128,-0.08978721379034305,4.995376163176168,876
-0.3100726918228306,-0.07840137756456814,5.016655545870749,877
-0.12502558715698564,0.25313769944791376,5.167853970109712,878
-0.12119412503259512,0.2711525542319609,5.146007481551002,879
-0.10321358012060487,0.42599951641664324,5.233906054542431,880
-0.06635527438087209,0.6178523241167799,5.391150160442525,881
0.0020924875131083168,0.967653801838491,5.413986392571845,882
0.583293823964673,0.5072198168706562,5.818033575179453,883
0.5183620011041072,0.5930404634936858,5.793375871851816,884
0.43685986162640444,0.9952872998905082,5.695916392334822,885
0.424988000043708,0.6457960505906134,5.671836647663386,886
0.4414140350404177,0.7163467372798502,5.647867973886924,887
0.5363237801078854,0.5815720284886908,5.553075599332976,888
0.5425670001938909,0.7272531589992189,5.506309670803779,889
0.6116622375101087,0.03233688316675407,5.3007483420609915,890
0.8726150180458213,-0.11828081386232679,5.345762905958335,891
0.6631421476713208,-0.12461738386261083,5.3684093827271235,892
0.606263856316992,-0.07317757834920885,5.211802260664677,893
0.6286001227774134,-0.053309876194131425,5.0380132295592475,894
1.000380442291635,-0.06451073103698021,4.974174215167197,895
0.345777465941101,-0.20275776273401563,4.467012053781297,896
0.32686110562736204,-0.1947422633494748,4.408827110477077,897
0.2792100443242854,-0.19773604438818335,4.312990136962973,898
0.1868757159540378,-0.2017501512731967,4.2185171704062645,899
0.17197297245292237,-0.2047779784942285,4.199780596807888,900
0.03613545267762102,-0.21498242999701647,4.162461523789115,901
0.05530269853219877,-0.18781075558192215,4.181095541980072,902
-0.2840286299764493,-0.10929722736258984,4.237305751136801,903
-0.30606092467781104,-0.10661701579282357,4.256146833701516,904
-0.3957468250378551,-0.09066714711137328,4.275040919257968,905
-0.500569543060901,-0.07491678287255332,4.506095949146339,906
-0.4957294513270366,-0.06710585002506081,4.525727842867795,907
-0.4705638672548924,0.01292032487789217,4.447558866648554,908
-0.6092605718758193,-0.18879645206592055,4.428164076433364,909
-0.43563772020033514,-0.8606171903120271,4.3320463047773545,910
-0.24413682472359022,-0.23169598168610717,4.370324399380159,911
-0.21483273187787733,-0.1858437761338652,4.38954740388474,912
-0.21155197929216063,-0.17997732828471066,4.35115754716437,913
-0.03849877867020099,0.2489830376621447,4.293988515536958,914
0.09027962995216839,0.2657913151188535,4.7458288575219125,915
0.09379554273892032,0.27548142758630867,4.7867048576957165,916
0.10260595903261346,0.2831461647719796,4.725493260109188,917
0.13284318366847236,0.3801154977559455,4.766232483464901,918
0.14364673914201992,0.3942657516899964,4.705224982100913,919
0.14907955528464398,0.35463352036840207,4.685023324788328,920
0.16551787449492156,0.21283146111470702,4.807246710823989,921
0.17012483921583493,0.19262288596489885,4.827858784537443,922
0.2931869216948289,-0.06624035464379961,4.890123917152741,923
0.30640223359409857,-0.08014685690118567,4.869296617259432,924
0.38349645585863656,-0.14761179345715397,4.911024519896205,925
0.5069634214471361,-0.48264400868452667,4.931999226173575,926
0.7541570704858865,-0.18978363517550775,5.059450094552162,927
0.6700133541057379,-0.18682653411061206,5.080967035473785,928
0.6036074677171087,-0.15228610648619634,5.102564961582503,929
0.5282045017993677,-0.16171857691006894,5.124244797100203,930
0.2964612882888898,-0.7020484954158301,5.189785233960283,931
0.1896947078253975,-0.26907819161156205,5.2560976370613846,932
0.17382424318101336,-0.2139540026726412,5.278378047239893,933
0.16827978868173382,-0.20579060929708853,5.323209596898895,934
0.022189988122606072,0.330701041614366,5.4599499380795775,935
0.01957287166577883,0.36249820034526536,5.436919253307866,936
0.005594107890588444,0.4851876863477874,5.48307966407888,937
-0.031386081780393774,1.0299926701462077,5.5296412206187595,938
-0.06363614645960514,0.4647404920865256,5.576614116796916,939
-0.08095601381314074,0.3319266727401067,5.60025810751834,940
-0.08463412155900756,0.30572957471878376,5.62400893129812,941
-0.2170306903236383,-0.17512682617213282,5.720108675661195,942
-0.21923744823451308,-0.18290416938609358,5.744414994203435,943
-0.2429785108758878,-0.23275755428830977,5.76883687409701,944
-0.384033127027917,-0.7140007639717773,5.842811603849096,945
-0.8971386719378128,0.0044793335687955925,5.867711610573016,946
-0.3807607487718125,0.6869076221792099,5.892735281923191,947
-0.23837174898951347,0.23064416485393083,5.994101584206445,948
-0.21813296024072387,0.16832442934541134,6.097590925426524,949
-0.21373700738511797,0.16281549426071135,6.123809558777673,950
-0.08279359359114973,-0.29251594788076835,6.230131824082931,951
-0.07546043765286953,-0.3185721639059556,6.284192613721196,952
-0.06001907635124713,-0.42673909074893474,6.33887804329754,953
-0.02961203604545895,-0.7997234311659658,6.450202789486339,954
-0.0066770457306018285,-0.5267220450945801,6.506884530446008,955
-0.0005359315866610564,-0.4485623835506131,6.535490039096014,956
0.004719003194201467,-0.35905745730440675,6.593245119480269,957
0.006469020314284271,-0.3237292113135723,6.622400831696326,958
0.07188341534755761,0.293177419667425,7.753743900295865,959
0.07363162914458302,0.30921246857360624,7.831180769297189,960
0.07888057947046898,0.43729100797646364,7.792269192711064,961
0.09995954653687802,0.8115147521831126,7.910201847242869,962
0.12211409251227216,0.4813610276965422,7.950331839751987,963
0.09291614974562949,0.42441818287088884,8.031885042039729,964
0.05268796843018595,0.34565188710511313,8.157624397909482,965
0.04746001325000177,0.32102035473948537,8.11524016916523,966
-0.05821404823962277,0.1775844537152721,8.287765227991095,967
-0.10602985088202428,0.27765957119606555,8.2438727404251,968
-0.10885435342817336,0.2853577215888301,8.20049729454103,969
-0.13662558860545115,0.38430257462929734,8.073331303750518,970
-0.1623670629420505,0.46835337100193514,7.990889139648898,971
-0.2523218417372929,0.36117631877431977,7.458396593189843,972
-0.6714327895821139,0.5653478307555322,7.318486886035139,973
-0.4515482504455512,0.778761249007021,7.216596152627917,974
-0.0920267914803689,0.4489998167955937,7.084500145849197,975
-0.04117323399432041,0.3718816167827971,7.05211213824345,976
-0.03049886042648159,0.34438503220388605,7.117137519101878,977
0.22717700740847996,0.12245200452064474,6.771091230077474,978
0.24812109423992412,0.11717782133508514,6.893748953316674,979
0.4120703423001764,0.08937515780302399,6.831991061580679,980
0.54047073477342,0.06369615295056764,6.801435819186122,981
0.6228234572697022,-0.06191963398962831,7.353017486925205,982
0.564439135528273,-0.12916928943325995,7.494140636578017,983
0.40507813932059683,-0.11647780084277086,7.183180337228214,984
0.2845461900297074,-0.10127604806775033,6.988065114474414,985
0.2655520694833509,-0.09950130204063935,6.9563968880619385,986
0.03961996069807881,-0.04987688651623623,6.681284547483432,987
-0.15935038611019087,-0.2232768475813064,6.422120857875681,988
-0.16539681333615225,-0.22747031472490237,6.394207866852938,989
-0.2093753963393643,-0.26340056792604344,6.311456035474978,990
-0.6876285233435118,-0.6039860135623574,6.176676813168906,991
-0.5429703964374296,-0.6908170956905826,6.150170811409077,992
-0.4132501641993747,-0.5217057423229807,6.045573227894178,993
-0.03760819067336987,-0.5804848724094429,5.943160539815475,994
-0.034050180393413954,-0.5680900108605001,5.91788433928013,995
-0.018999212411761404,-0.4581621903956677,5.96856567750969,996
-0.011950939610496342,-0.3604863316630724,6.0197701307052665,997
-0.01019186884185759,-0.3263331955305003,6.071512827924038,998
0.09731601225872202,0.26792929209514516,6.257085338010114,999
0.09819687894525286,0.287579197154779,6.203329741735072,1000
0.11322314133025349,0.4060082195609345,6.366461134764057,1001
0.13374050066995335,0.6736847132222197,6.478456408774491,1002
0.172898212183777,0.2965677879968458,6.564275891578901,1003
0.18875413178579614,0.181317442243167,6.711019180232775,1004
0.19252200020753768,0.16740389409730266,6.651746217126201,1005
0.28347509874348337,-0.0792738473906323,7.2502820875875384,1006
0.2888503387672115,-0.09242886482815078,7.150029213979433,1007
0.3567607862779729,-0.16457117537578367,7.422965877093169,1008
0.4235305918787903,-0.41302361740203064,7.530205028748053,1009
0.46511723635999797,-0.43204608326124655,7.603324166901244,1010
0.48189619282615404,-0.39988593394447025,7.715595573044389,1011
0.5511108957387013,-0.06797180823706804,8.37716257718334,1012
0.5468065669906669,-0.07665803447477026,8.422699825162967,1013
0.5760664643986393,-0.019201048584018388,8.468818976547686,1014
0.5808626862260122,-0.013271201231360252,8.515538192940848,1015
0.17567870676989417,0.8642913788278626,8.708811028821378,1016
0.12300557580867601,0.39862287655363204,8.610853928960788,1017
0.09907805536293249,0.28646720885984134,8.659491414325048,1018
0.09555518803865329,0.2743958112569932,8.562876516588226,1019
-0.10227661716356555,-0.27022195145384237,8.758835975635952,1020
-0.10415143505026593,-0.2829939299893712,8.80959068692551,1021
-0.11642819384496435,-0.3888151444331916,8.861100913239806,1022
-0.17251883268452006,-0.8333870697730317,8.966498100975818,1023
-0.36954957274226996,-0.18486247022712127,8.913393821283892,1024
-0.33360313440194267,-0.1722325967631758,9.075263867291355,1025
-0.25468584569097796,-0.14854450213620674,9.130991466270617,1026
-0.2464615630149654,-0.14389147343232697,9.187662960437533,1027
0.221299357422084,0.12951925526833155,9.363736419527013,1028
0.23508490466025367,0.1348476564651861,9.42459214441935,1029
0.3326935861489179,0.1637312965122482,9.486609966872848,1030
0.3968488496356888,0.17665385635987677,9.614347192000631,1031
0.40369463238757636,0.17851610251198385,9.680184048036026,1032
0.538389755977769,0.23974306396109069,9.549842765051173,1033
0.7594097031452575,0.11454871421395306,9.747418700521822,1034
0.4602440842107707,-0.03364329026995282,10.263902108157271,1035
0.39414307936060455,-0.06278289492904254,10.429219247852165,1036
0.37055917284538137,0.005323621652629732,10.60435024606743,1037
0.3142629038564734,0.03571699987544702,10.69602952212354,1038
0.27814853142728435,0.07564239151684995,11.09535195268957,1039
0.2532005781637444,0.11367348922181003,11.437503125423763,1040
0.2252128493274217,0.19167441974223706,12.652310090256867,1041
0.2920996772431361,0.1738682893640305,13.07690883201443,1042
0.7121428341510446,0.10234468589246995,14.694926948265996,1043
0.439889528190306,0.0560443340900183,15.973642334385495,1044
0.43535454505646126,0.05264942251766897,inf,1045
0.4383714967626142,0.054346459166858,17.17414182546061,1046
0.5203045070065788,0.0585928002563807,12.12739362596606,1047
0.5958009634178346,0.043329041952650034,11.204736437831006,1048
0.8216878505223429,0.15008784761228813,11.318640433808469,1049
0.48710292618330564,1.0772931342812826,11.561832572973696,1050
0.24307879221950707,0.21576677928195112,11.692221086263254,1051
0.2135295360189146,0.1582501852532997,11.82936517396542,1052
0.2067904090364669,0.15280097837569528,11.974091814268602,1053
0.04571767105269912,-0.30225156114834206,12.290476841551639,1054
0.03787774381744547,-0.3409773077279673,12.464828145148449,1055
0.017827552828478744,-0.4411067096876592,12.855301225440222,1056
-0.02872560338981496,-0.675126155725948,13.321304971249441,1057
-0.06998952307680881,-0.4232522206757238,14.264038348766631,1058
-0.08740055831206305,-0.3047207947120294,13.904240708196983,1059
-0.08924869154915045,-0.28181791441963744,13.594283536278493,1060
-0.13565262598864863,-0.11288132712476918,15.236087113961831,1061
0.2910145098163546,0.06199404002913516,10.88865963585977,1062
0.31995084926717504,0.06454759932478263,10.990104663256874,1063
0.42063274128980477,0.08078119557106603,10.790721737987049,1064
0.6315407957876406,0.11981219860982492,10.515475784708645,1065
0.9175094021192399,0.22068794423033763,10.345412162239928,1066
0.6532063871177634,0.2765693410944507,10.184550725124321,1067
0.8935579967781866,0.27223139349143594,10.031830919935317,1068
0.3494095447412212,0.25001885889423614,9.886368611100028,1069
0.2029631679387558,0.25105656606554333,9.958242040136994,1070
0.13643560967385293,0.25209617444518934,10.107232019399579,1071
0.19346631151430177,0.2636618633431397,9.816121558509103,1072
0.5322357414788462,0.3198253286794333,9.303993357624138,1073
0.7819455297390594,0.5244402154381231,9.245316672193034,1074
0.5222597848203663,0.69151696729438,9.020444082885364,1075
0.1636802947169126,0.31154927512677094,7.870488304596591,1076
0.1346383402034022,0.24485831172747102,7.67781523007193,1077
0.1319463835243087,0.23366207178884546,7.640394212263049,1078
0.0832602124904329,0.17016841773124003,6.740953561659391,1079
0.28240595406909375,-0.07752944179459031,7.019968685121543,1080
0.2986549011306588,-0.08539656543410938,6.862760792428218,1081
0.39145532227331087,-0.12825713606399908,6.924959596287393,1082
0.6144057560166548,-0.45236364288410613,7.284243740093845,1083
0.5342725313493231,-0.5936050575421141,7.387841698053874,1084
0.495974445103147,-0.5370726471641608,7.566597033211023,1085
0.48535795374273527,-0.4113511919598804,8.332189897588519,1086
